degree,model,alpha,cv_mse,cv_r2
1,ols,,36.63839734868673,0.2677982517157723
1,ridge,0.01,36.638390809371415,0.26779838240102216
1,ridge,0.1,36.63833216210089,0.2677995544401155
1,ridge,1.0,36.637766089107735,0.26781086715205815
1,ridge,10.0,36.634095853818344,0.26788421513914196
1,ridge,30.0,36.637984796809484,0.2678064963778657
1,ridge,100.0,36.754925856910745,0.26546948234754464
1,lasso,0.0003,36.6381500249859,0.2678031943677236
1,lasso,0.001,36.63757488359625,0.2678146883074557
1,lasso,0.003,36.63594775118305,0.26784720581050847
1,lasso,0.01,36.63044095590457,0.2679572566157328
1,lasso,0.03,36.614913829053826,0.2682675592012347
2,ols,,22.26796580921346,0.5549848062111286
2,ridge,0.01,22.267964495207277,0.5549848324709459
2,ridge,0.1,22.267953081118662,0.5549850605763283
2,ridge,1.0,22.267879620284152,0.5549865286577771
2,ridge,10.0,22.27111042731914,0.5549219624449901
2,ridge,30.0,22.302215153009094,0.5543003486141957
2,ridge,100.0,22.61435730886125,0.5480623292474357
2,lasso,0.0003,22.26776497547152,0.5549888197823436
2,lasso,0.001,22.26729631528269,0.5549981857435876
2,lasso,0.003,22.266008847949614,0.5550239151941191
2,lasso,0.01,22.262104266358886,0.5551019464857131
2,lasso,0.03,22.25936693309992,0.5551566508489738
3,ols,,11.863601433075237,0.7629113078398251
3,ridge,0.01,11.863556142312074,0.7629122129551786
3,ridge,0.1,11.863161742873348,0.7629200948490238
3,ridge,1.0,11.860470260674385,0.7629738828996527
3,ridge,10.0,11.918034171795066,0.7618234942524771
3,ridge,30.0,12.23759089602466,0.7554372981006611
3,ridge,100.0,13.373507537112342,0.7327365193904438
3,lasso,0.0003,11.863647688965505,0.7629103834368443
3,lasso,0.001,11.863849555368535,0.7629063492283659
3,lasso,0.003,11.86511711644874,0.7628810175952665
3,lasso,0.01,11.877544222163152,0.762632667525704
3,lasso,0.03,11.980181272898742,0.7605815126328705
4,ols,,3.69783670488451,0.9261004111501325
4,ridge,0.01,3.6978100896448045,0.9261009430436228
4,ridge,0.1,3.697612217433128,0.9261048974299991
4,ridge,1.0,3.6994370881132173,0.9260684282173958
4,ridge,10.0,3.9151561118014504,0.9217573814000504
4,ridge,30.0,4.636156848943803,0.9073485087840988
4,ridge,100.0,6.609899953935532,0.8679041483120737
4,lasso,0.0003,3.697590547489433,0.9261053304939922
4,lasso,0.001,3.6973671747311485,0.926109794497223
4,lasso,0.003,3.7010216582172104,0.9260367613027821
4,lasso,0.01,3.7428349308091358,0.9252011420205869
4,lasso,0.03,4.0775096614849025,0.9185128193689376
5,ols,,1.417321669857918,0.971675469462414
5,ridge,0.01,1.4172884057499138,0.9716761342305206
5,ridge,0.1,1.4174649573325089,0.9716726059272434
5,ridge,1.0,1.4401156541235363,0.9712199420284269
5,ridge,10.0,1.772332895941112,0.9645807311766532
5,ridge,30.0,2.4339325471531583,0.951358962312927
5,ridge,100.0,4.037001268766567,0.9193223612188791
5,lasso,0.0003,1.4181652634711177,0.97165861062679
5,lasso,0.001,1.4220765489613376,0.9715804453608063
5,lasso,0.003,1.4582109460685526,0.9708583158286845
5,lasso,0.01,1.62752850058673,0.9674745813204975
5,lasso,0.03,2.1328420900744893,0.957376118493821
6,ols,,0.5578552594812006,0.9888515157365002
6,ridge,0.01,0.5577192060595089,0.9888542347024057
6,ridge,0.1,0.5578106905944812,0.9888524064254806
6,ridge,1.0,0.6027555753716038,0.9879542032945671
6,ridge,10.0,0.9816354477202137,0.9803824609423241
6,ridge,30.0,1.4344355206158703,0.9713334569195182
6,ridge,100.0,2.4343034533313537,0.9513515499212348
6,lasso,0.0003,0.5576206902387836,0.9888562034963866
6,lasso,0.001,0.5739722284967382,0.9885294254229444
6,lasso,0.003,0.6584193894389951,0.9868417872249331
6,lasso,0.01,0.9367621102365041,0.9812792342330395
6,lasso,0.03,1.4442687720490603,0.9711369438509422
7,ols,,0.3073403342045444,0.9938579428602956
7,ridge,0.01,0.30623158629207126,0.9938801006842909
7,ridge,0.1,0.3054781753153878,0.9938951572608397
7,ridge,1.0,0.35170279537014265,0.9929713792010146
7,ridge,10.0,0.6140661651191233,0.987728166290043
7,ridge,30.0,0.8837563027391508,0.9823385312473008
7,ridge,100.0,1.551879507973643,0.9689863921161525
7,lasso,0.0003,0.3117449704680497,0.9937699182029396
7,lasso,0.001,0.33873946099339125,0.9932304455571087
7,lasso,0.003,0.4328332694449925,0.9913500234852778
7,lasso,0.01,0.6473124808771041,0.987063753753372
7,lasso,0.03,1.0500152942329477,0.9790159207334952
8,ols,,0.2431087277606098,0.9951415823733935
8,ridge,0.01,0.23970568870651568,0.9952095905649411
8,ridge,0.1,0.2383911981101407,0.9952358600631293
8,ridge,1.0,0.26671211858436344,0.9946698793165673
8,ridge,10.0,0.40837996988599595,0.9918387115825767
8,ridge,30.0,0.6093858614484882,0.9878217000354611
8,ridge,100.0,1.1149474291216903,0.9777182814772555
8,lasso,0.0003,0.24753158213750376,0.9950531936353069
8,lasso,0.001,0.27026938108644444,0.9945987890393824
8,lasso,0.003,0.3281990157968209,0.9934410915721943
8,lasso,0.01,0.450395811469237,0.990999044050995
8,lasso,0.03,0.7643397410937115,0.9847250170528545
9,ols,,0.27625651007743574,0.9944791389828396
9,ridge,0.01,0.2570983480822624,0.9948620061583134
9,ridge,0.1,0.23902688761231788,0.9952231560968386
9,ridge,1.0,0.23941400032910842,0.9952154198248254
9,ridge,10.0,0.3190433603543303,0.9936240631923196
9,ridge,30.0,0.4479046488189779,0.9910488288063276
9,ridge,100.0,0.7852526796204056,0.984307081464535
9,lasso,0.0003,0.2367128438830855,0.9952694012108928
9,lasso,0.001,0.24732353665270154,0.995057351329931
9,lasso,0.003,0.28264117105842423,0.9943515444298358
9,lasso,0.01,0.3762879736106568,0.9924800555680985
9,lasso,0.03,0.6485719270388449,0.9870385842932364
10,ols,,0.340378268069084,0.9931976947412228
10,ridge,0.01,0.2714835936929262,0.9945745235513264
10,ridge,0.1,0.2392864631514427,0.9952179685974579
10,ridge,1.0,0.2278254321293054,0.9954470121026004
10,ridge,10.0,0.2754582596810684,0.9944950916548472
10,ridge,30.0,0.37223889969214485,0.9925609744733075
10,ridge,100.0,0.6550672774080929,0.9869087776630276
10,lasso,0.0003,0.23022205165364662,0.9953991167487455
10,lasso,0.001,0.23442391866600198,0.9953151443428778
10,lasso,0.003,0.25971490930083413,0.994809715369486
10,lasso,0.01,0.34738988576552715,0.993057570742709
10,lasso,0.03,0.6103605472396445,0.9878022213821368
11,ols,,0.6549230804238402,0.9869116593743362
11,ridge,0.01,0.3005724115855461,0.9939931967232505
11,ridge,0.1,0.2570357132285173,0.9948632578874482
11,ridge,1.0,0.2337246442369544,0.9953291190250836
11,ridge,10.0,0.259930069492656,0.99480541549067
11,ridge,30.0,0.33335497377409556,0.9933380520912609
11,ridge,100.0,0.5388296542093897,0.9892317338259982
11,lasso,0.0003,0.23916810020861132,0.9952203340271695
11,lasso,0.001,0.2341519352583807,0.995320579807881
11,lasso,0.003,0.2505606067331038,0.994992659953023
11,lasso,0.01,0.3301762025522444,0.9934015783919308
11,lasso,0.03,0.591892156509957,0.9881713037918171
12,ols,,0.9325558176588303,0.9813632950818222
12,ridge,0.01,0.3045656502405106,0.9939133936604512
12,ridge,0.1,0.26615574234051065,0.9946809982433745
12,ridge,1.0,0.23479856275389374,0.9953076572507562
12,ridge,10.0,0.25348071333680494,0.9949343029473915
12,ridge,30.0,0.31741827421904795,0.9936565398014365
12,ridge,100.0,0.5057204572423839,0.989893406105842
12,lasso,0.0003,0.2403268648970469,0.995197176640599
12,lasso,0.001,0.23231515579804046,0.9953572870120547
12,lasso,0.003,0.24629276235513892,0.9950779508866087
12,lasso,0.01,0.33061423967846865,0.9933928244186992
12,lasso,0.03,0.5830507571280554,0.9883479951471483
13,ols,,12.968887706507187,0.7408226631303031
13,ridge,0.01,0.35460048915138576,0.9929134701054714
13,ridge,0.1,0.28939609448436704,0.9942165503498565
13,ridge,1.0,0.2471767410242501,0.9950602849739648
13,ridge,10.0,0.2568379968509375,0.9948672091595508
13,ridge,30.0,0.3139178456785361,0.9937264942776849
13,ridge,100.0,0.47384916819928413,0.9905303393574616
13,lasso,0.0003,0.24766932238910272,0.995050440958871
13,lasso,0.001,0.23658471866446631,0.9952719617352569
13,lasso,0.003,0.25016960639192015,0.9950004739174458
13,lasso,0.01,0.32741750082041265,0.9934567097944269
13,lasso,0.03,0.5677834818872843,0.9886531047161189
14,ols,,55.0267358856373,-0.09968435121200137
14,ridge,0.01,0.35738287415933384,0.9928578654034471
14,ridge,0.1,0.29596469976638595,0.9940852797534515
14,ridge,1.0,0.2529522407000848,0.9949448642332699
14,ridge,10.0,0.25788984375087837,0.9948461884764753
14,ridge,30.0,0.3130071491408454,0.9937446941348104
14,ridge,100.0,0.47030264449447334,0.9906012150246553
14,lasso,0.0003,0.2500074349611382,0.9950037148399133
14,lasso,0.001,0.24039577397713677,0.9951957995238974
14,lasso,0.003,0.2511763524742289,0.9949803545537486
14,lasso,0.01,0.32975857507745754,0.9934099244875381
14,lasso,0.03,0.569961682998988,0.9886095743551447
