x1,x2,x3,y
-0.048644635302085515,-0.1162724611120396,0.4886755228654185,-0.13236932603018192
-1.0,1.0,-0.5966181568330313,12.360640450276595
0.7415269017291046,0.05348503139907623,0.4280600769591356,2.253841251691753
-0.548097462580073,0.5922721161688009,-0.07163135586368585,-1.5858031694259136
1.0,1.0,-0.926110035727985,35.233028918192346
0.48775448240275865,0.6130588123087082,-0.27067788356162303,0.738533777015363
0.0032700106336154278,0.794475808638877,0.7935061618666934,4.769244360238945
0.29108939820865,0.4980276902652929,-0.537386513001868,0.9605987705129149
-1.0,1.0,-0.6982729450192493,13.010006555977906
-0.16725873652984324,-0.5317279318935426,-0.2639874397081987,0.47808270882688986
-0.822084711270431,-0.41016361820037806,-0.332576957939432,1.2521762712174644
-0.7962464378785687,1.0,0.7538169389906058,5.07655670777765
-0.37989160795212484,-0.11695941427179823,-0.2375434213514378,-0.3969530824603686
-0.6008341303258491,-0.03501357919712822,-0.9811391845162782,0.3680198010072423
0.16552388720498334,1.0,-1.0,4.578169831305845
0.49990614397294797,-0.6974039438553634,-1.0,-8.997007959055837
0.829448117446768,-1.0,-0.6008284748737525,-9.155388686194183
1.0,-0.39535313719780873,-0.5484198021578659,4.824186470708497
-0.3240024139302373,0.8012161288110822,0.713527460885967,2.6537044928529996
0.886402217527509,0.11474884755020942,1.0,7.448492643706082
1.0,0.09292521083062688,0.3373924967203388,5.691607840636789
1.0,-0.07791984785491723,1.0,10.434805428529735
0.7611984423200635,-0.38483614223834706,1.0,0.048108623520382476
0.01115475647034847,-0.02346085912856033,0.949557099597397,-0.41249653278816234
-0.3561799513849573,0.44050249057520974,1.0,3.4211197576937713
-0.5440642203702708,-0.6075497731842086,-0.11670335010813937,0.9944350788635956
-0.5032153220373534,-0.726569964583482,0.3059926966313953,1.9793422979513249
-0.40978225266023705,-1.0,1.0,-3.5518101048943627
1.0,-0.29758145165061944,1.0,8.05631777247653
1.0,0.6422460661676981,0.8055759446248449,17.17433837757565
-1.0,0.2812860984120711,-1.0,14.98491661645794
1.0,-1.0,-0.9535827561635519,-25.91096369885561
-1.0,-0.7589157198680376,1.0,15.347001297241421
-0.028245506418360877,0.13380500658676064,-1.0,-2.724848962909339
0.1410210568556136,0.19137556792070076,-0.2246996804678454,1.2578453161297363
0.9167153081215409,0.3872728550083313,-0.7756014695520925,4.3641448846073585
-0.48506584280702114,-1.0,0.2638004882940008,3.592183916344089
0.09654878282176105,-1.0,0.10889269208051489,2.738456934776961
1.0,-0.9368111317815184,-0.03285616239769862,-4.059487722970567
-1.0,1.0,-0.32455602902289327,11.564504061648226
-0.6061406075716553,-1.0,0.6977144111881697,3.5012915404941376
0.21876166948848308,-0.30678511318054125,-0.9064238939151268,-1.6980370733229624
-0.33546673343336897,-1.0,0.4403039415242491,1.541989134311987
1.0,0.15844106079417086,-0.21812223443478396,4.212177308456321
-1.0,0.014878597301525742,1.0,3.3637057533749153
-0.24995753360612194,-1.0,0.9804533303505014,-5.19807149865956
0.8488888392194638,0.3313232105263202,0.53995204016726,4.286298034430161
0.13463597814065542,0.15268039258035104,0.5005848775135526,0.44362544284526645
0.08607569533247528,0.1317290857215303,0.7279920352727793,0.16974004469581977
-0.11206732916473272,1.0,-1.0,3.7066697449966415
-0.6087375415070653,0.7200589933580464,-0.29470745838295365,-0.9928839537983625
1.0,0.8049097471411486,-1.0,19.415119550831754
-0.34669026570436046,0.8098829709207873,-0.49497606620524004,1.2939395792867037
1.0,-1.0,-0.2044523102420026,-8.927487366431786
0.4454340605050753,-0.13846564008983586,0.5936845594428823,1.726155427540427
-1.0,-0.36433726510088515,-0.6505030283247166,-0.38704747181912813
-1.0,0.9593991395010433,0.1556593540167761,3.6414472894613636
-0.0956618574006185,-1.0,-0.6516182076974726,-2.336353257420885
0.7882774716663608,-0.09654121442297847,-0.5417177533051571,2.5791778584398193
0.5827332303875561,-0.06393265262658021,0.33081409017275076,1.4802847118290916
-1.0,0.2710158767923452,1.0,3.580462510319805
1.0,-0.3340830436526647,-0.010683502144089196,3.2443057584900585
0.5282926339619431,-0.6158623435195971,-0.7378954826952677,-0.34590147386878245
-0.2472137687593874,0.48389966371545445,0.726442537663561,0.21899800700969813
-0.06684183647780206,-0.7489608663697438,0.8997125387567688,-1.1966352083850988
-1.0,0.9152371160226658,1.0,15.402714543640172
0.46729604261102287,-0.7509353715391993,-1.0,-10.685816924776008
0.9651493706217651,1.0,-0.5668637604013187,19.257381257041544
0.9002508368802506,-0.5114411752961019,-1.0,-3.2314196970148714
-0.047574132769763855,-0.0038951429610289967,0.14188302604294067,1.0971467020063348
1.0,-0.11045908377256874,0.537046263689613,6.379724793302278
-1.0,0.9163167371369245,0.08918146454573761,3.6053697176980064
0.39393911242536483,-0.23423019843984183,0.08280737315525144,2.2045246306991233
-1.0,0.18047308457993072,-0.8905288251860217,7.8954050081198055
1.0,-0.1193723212740152,0.17573257484243832,4.5934165112830625
-0.715296440562637,-0.11517921106609275,0.42420740841760485,-1.1588052832570532
-0.22406997882716673,0.9958115469560898,-0.23287368206409687,7.380063334552215
0.5084380402302846,-0.9432940476162135,-1.0,-18.36911318967176
-0.6019750653532467,0.06685437817614459,-0.0056724753281882645,-0.8227143351086651
-0.027196516918837066,0.19307130078152612,-0.6559679684082123,1.3806695672223053
-0.0027976510724410097,-0.043937761492564675,0.08669618293715864,0.8706434834946104
-0.956014878656342,-0.7185065350089856,1.0,12.095545672973463
0.5566916528308061,1.0,1.0,10.473464581474165
0.030059619923372694,-1.0,-1.0,-17.385152333089103
1.0,-0.2998647764742959,-1.0,4.531286699182678
0.5773705245546661,0.11965646187009216,0.4190801863113711,1.6565108259159425
-1.0,-0.9390118103433773,-0.2889963974920675,5.125580169295253
-0.12354471705308545,-1.0,-0.4683547388122029,0.589853113294653
0.35741330189494125,-0.2212539268716862,0.003968308971018963,0.9516847507227874
0.9364987347959712,-0.2898609952236051,-1.0,1.8284185461987321
-0.3786423509484331,-0.17962872929935725,-0.3918755973550925,0.4936487132331141
0.39965090985540885,-0.5781124962752806,0.02125221808711153,1.5177498825647227
1.0,-0.8646911270825948,0.6552311802721236,0.32644038175791995
-0.11848694975525498,1.0,-0.2668123067962771,8.95431789077384
-0.8914728616919789,-0.39711589431093475,-0.12640591272418544,-0.5872689670023457
-0.7130107987293277,-1.0,0.06369298778597265,5.605883372218781
0.39740175124408816,-0.5893398512112811,-0.0077907860075314694,1.4603396318569033
-1.0,-0.8933768909152262,1.0,19.1933914941191
-0.4473428723540773,-0.21115159653578397,-1.0,-0.9195627760435383
-0.27741438233747173,-0.0617808319641171,0.09361804234903537,0.5792008240998776
-1.0,0.559641325901679,0.003126891211885585,-2.8380204423497886
-1.0,-1.0,-1.0,2.2116616355292287
0.504996350080003,1.0,0.9065528994548573,9.131912908286935
-0.24736155018473882,0.18238929684210192,-0.4688505496077291,0.18687620088713952
0.27471908499141673,0.20215964490146665,0.39853933522123963,1.001752556473834
-1.0,0.7864063937495629,1.0,10.337053811073448
-0.04672672944704881,1.0,-0.2805018957373082,8.951061927800907
-1.0,-1.0,-0.12304229445067882,6.4701973427061334
-0.926860485421243,-0.2839792957486318,-0.25910025822556526,-0.052653719133662236
1.0,-0.21595264756612842,-0.15603338419553214,4.353387438616415
-0.5466684140789657,0.40581645214124307,-0.342980416393158,-1.1529263892796164
-0.6360111071151993,0.4998918245432047,-0.5179823488198434,-1.619767864864657
-0.9696686836662594,1.0,-0.7747145993343116,10.565953574112692
1.0,0.6313440751492261,-0.5066644412157755,6.340566204968189
-0.9572174978644059,0.41732536168201495,-0.26820966434427906,-2.717802400528208
-0.7939345444299544,-0.165254741232574,-0.07437373658684665,-1.1487793495074903
0.07447638537936863,-0.8291255015262948,-0.13700708145145302,2.1228506348236125
0.12080268944237926,0.08233445864054079,0.042868452255404366,0.3516366574200026
-0.012325319938538248,0.603223862141447,-0.011507869689440398,0.542744471218694
-1.0,0.028211554624345547,0.41950266573955597,-3.3143576176695544
0.02331330851972324,-0.5810043826507365,0.976490654186358,-1.4387456111493397
1.0,0.7065626682468933,0.5682321780317208,11.370709309764946
-0.612292856924648,0.3531765321121756,-0.30603590891366084,-1.5284456042338006
-1.0,0.01812582458468226,-0.39636493441560683,-2.9701673045933012
-0.07907325901200046,0.12448918892916816,-0.7331837431095174,0.14129156418224526
0.31177345034671955,0.14147032505259083,0.25417911680665384,1.286209468016021
0.6302123234634096,0.9800389066640174,0.9311368595785343,9.998912509549895
-1.0,1.0,0.8105381670762666,4.0278665724604386
-1.0,0.26203881235256055,0.3932310328979738,-4.327006057568763
0.5584035969304575,0.5728112321313839,1.0,5.265971552611498
0.17763805175163805,0.7209453512164619,0.8281052508461666,3.4429438504628713
1.0,1.0,0.45871521582597463,13.795231803722842
-0.017570086136085683,-1.0,-0.7042569369632368,-3.653895933567838
0.6902593344518895,0.9557626542657818,-0.38368136242627826,7.724624814307504
0.36967997204990977,0.5903735368278746,-0.2311811087699649,1.0344051345506107
-0.7804891392968556,-0.16016887023568582,-0.8240661419121134,1.6090768480265758
-0.7080438088885255,-1.0,-0.1191815833502432,5.3625503996568025
0.2546601305667493,-0.48588924994059757,0.840753208265862,-1.5373009944773364
-0.07704375581448941,1.0,0.2921111969389485,7.327087012283299
1.0,-1.0,-0.6274191950948889,-11.843950879689558
-0.7770616138726119,0.1661848080854924,-0.022306699776727168,-1.6963501905825917
0.6049703620006379,-0.9945627552229173,1.0,-7.892572176163453
-0.6035457282389096,-0.5694274440480747,0.8836294283281589,2.236216143645317
-1.0,-1.0,0.5806247135235112,13.105101914872819
-1.0,-1.0,1.0,22.618188838128898
0.7512496828717703,0.2923436087477753,0.6782133279965521,3.0215096583106993
0.11365274723370034,-1.0,1.0,-7.436442938987076
0.5387473476865894,-0.09844961950869524,0.562223510500242,0.44082295225808377
0.39709430035609783,0.09302352129056679,0.3384016848336784,1.989432676957632
-1.0,-1.0,1.0,21.592604698153988
-0.04827360516302304,-1.0,-0.46410421475960884,0.8029704486072511
0.9430016479608252,0.8967113811463769,-0.16434055458068508,9.032146231070326
0.5952979515076877,0.5269186959830279,0.5107090422156615,1.4545922272623404
-0.08372748513157591,-0.14592105473530892,-0.9251682612997292,-1.2092678094126696
-0.8676147164138546,-0.22125809845745992,-1.0,5.024407751866806
0.4338512938830288,0.24927454272920557,-0.8966447437653906,-0.10230450682436523
-0.32417316403241814,-0.16119083635732046,-0.817129144770752,-0.06116239985606702
0.4886142596278302,1.0,1.0,9.53645436198325
-0.9680575687660913,-1.0,0.5872837727688758,13.078282574036857
-0.06418136180516676,-0.30129689407008886,-0.532567036528403,0.7519097662946237
0.31068504436807975,-0.33264006638570187,0.38587339242003593,0.6051151823246317
0.5616315025280467,0.2526467539045356,-0.21491498896666705,1.362749028424813
-0.17540999175836425,0.7416705045194103,-0.22956716940331456,0.7965752268593789
-0.053125595513088486,-1.0,-1.0,-17.36127958359356
0.2137036141997919,-0.04779349805515354,0.9082926615859608,-0.7296242430969143
-0.14037635293542094,-0.005106870845868361,-0.22786685480965052,0.38835250620575146
0.08622636313775156,-0.93034319397802,-1.0,-13.586945093499695
1.0,-0.022704650991469677,-0.14488357914308492,4.929286286085924
-1.0,-1.0,1.0,21.645999082206625
-0.36991557769607963,-0.8295656830493963,-1.0,-8.242506207448871
0.9124996989582665,0.2374822003975201,-0.924573583944519,5.369881626822283
0.5403359273177346,0.28323919364503447,-0.5539233616297536,1.495537583839738
0.9266965350095238,0.9840916252179981,0.10007395783404194,10.984495065525671
-0.06028674897804964,0.5303501138499547,1.0,3.293893763235972
-0.8839618821440425,-0.19801507800961748,0.7095609852620459,-0.20594638761621972
-0.7721436191325655,1.0,1.0,16.062441603728708
-0.42638371469307046,0.726405188811756,1.0,7.591304586715323
-0.2505620452977093,-1.0,0.7185613041480179,-0.21122752321547505
0.6498305998718221,1.0,-0.12819135273921645,9.082503279228439
1.0,-0.011599542091050852,-1.0,7.571526528859706
-0.03429428123652167,-0.9774723370227458,-0.3454817364340812,2.3713888811429737
0.26686195898447895,0.7497817772843602,-0.09055138049120459,2.2581328901635196
0.953741999650944,0.34769177631952064,-0.3890370710797717,4.510379662919727
0.33106049891654354,1.0,0.2928968224091857,7.290126779482962
0.290859053576322,0.033295845778277045,0.41142296069378426,0.9395688552325347
-0.31055345050812555,-0.7911831255206936,-1.0,-7.332620821145487
0.9464920485839254,0.8944008722688288,-0.419197604458307,8.440469075304211
1.0,-0.9418590636850659,1.0,-5.99821775525872
-1.0,-0.2578983676497464,-0.6107999007629925,-0.32668924332073
0.17412096603666583,-0.020755544923250158,-0.8356734826573922,0.057672981235912434
1.0,-1.0,-0.7327981248215176,-15.01380265744243
-0.536307080240616,-0.36604368181672675,0.9092658981705868,0.759875274247063
1.0,-1.0,0.16461397752575224,-8.11053771687825
0.16422203543952296,-0.8731495806067919,-0.21134322286909413,1.3195966634367817
0.09050677418244968,0.8412034773952728,1.0,8.045509790361026
-0.15235899800652786,-0.23615524961588252,-0.8268568570771164,0.42762193319961783
-0.5671441553786212,0.4703789890748007,-1.0,-1.7797381833572814
-0.1706530446027157,0.671536879853345,0.007016995864070674,-0.5112739468003736
-0.060418785156738375,0.6952727709775766,0.10699938884945936,0.9961793649554275
0.6664998446245884,-0.6304543867205714,-1.0,-8.229406378083889
0.42114072600487673,-0.8633653552198695,0.8919090173660527,-2.881803452946635
1.0,-0.002348990777910176,0.3198293473989231,5.787151296137027
-0.34247135542882656,-1.0,0.7635552031272757,-0.935606098280898
-0.09387783671631533,-0.9608517683884945,0.4018660983172544,1.9654129126181255
-1.0,0.7704510293939149,0.5592615657951625,-2.770294245593752
0.4069876386954505,-1.0,-0.015908218986321554,1.1265008798645013
-1.0,-0.07199283825009739,0.12493413957165433,-3.9806651228329164
0.4829367283044661,-1.0,0.07597921494281756,0.604805752085929
0.6512796869740443,-0.8253933805088371,-0.5943486169531917,-0.7572226068344117
0.027357836172919203,0.7682675189346699,0.8431997712198116,3.9878638573924157
0.08283494111976464,0.8098349877257813,-1.0,-3.4457938680763758
-0.6717805259627994,1.0,-1.0,1.054038686157805
0.3703076969435799,1.0,0.8246214621512276,8.165203685955111
-0.42704367675202093,-0.6970337020624662,0.4065394983557764,1.1709018885975309
0.4875132977356238,1.0,-0.026617573049069643,8.551620528706911
-0.7868189721194012,0.8944930795826069,0.8069665414630522,3.4792328330922744
0.1356679194366579,-1.0,-0.49311778480808965,-0.803788374265124
-0.0876331942978894,-1.0,1.0,-6.862126389067451
-1.0,-0.7956639894119082,-1.0,4.292533109954141
0.6101197819735915,0.42810795528224443,-0.9662877899745381,-1.3294627804462626
1.0,-0.8944821783962651,1.0,-5.066656824165904
0.4482905561353008,-0.5503294666321403,0.19833565873044856,0.9924288751786421
-0.9204476689652514,-0.4689092633130345,0.08038359419284724,0.08064477341129661
1.0,-0.9761882526123205,1.0,-7.798134956738938
0.16328954388833772,-0.8354973885277457,0.19674651883183025,1.3520439095839134
0.3265084032370984,-0.396446578295228,-0.5681475603261117,1.1396076323739064
-0.24760565355335484,-0.11178631228017677,-0.3476301526812826,0.08266521069681787
0.1415679019722209,1.0,0.6842532470937572,9.09886774390822
-0.05026141491454794,0.0034810027727290027,-0.42039669615720454,0.6190052769116368
-0.06351732305018043,-0.8922506112805766,-0.49726944754593405,0.3404694461554655
-0.92817923114988,0.18698139030558214,1.0,3.1673556599965087
-0.12965777132685052,0.34639424808907715,0.26481181098458295,0.2852156623244163
-1.0,0.5287261036598245,0.43206977945475455,-3.979363719103226
0.17189303999563177,-0.7098635839966436,1.0,-3.400467951838383
-0.4165213306826667,0.05599570199607151,0.15509399436322013,0.02469022709190255
-0.5498559426506318,-1.0,1.0,-1.999329888756575
-0.5004618709721227,-1.0,-0.9025059614875106,-7.691538587463667
0.3867040198107379,-0.3590642177972303,-0.22627825611539287,1.1321186130721232
0.49893126277529,-0.748438740612956,-0.026486129271632297,1.5093673646659447
-1.0,0.3630738554405206,0.6463078127549697,-3.989808543315163
0.5576080470168772,-1.0,0.7574604388457957,-2.390156935027751
0.09491283768587966,-0.0521633287230896,0.6353876467568029,-0.012051596963866151
-0.9198278861934535,-1.0,-0.49257427710048707,5.012283294984909
0.9013931795821966,-0.11300749178108904,0.10929835451864944,3.4350235529804105
-0.42557635675881933,-0.7397490596223175,1.0,0.5274331523760617
0.19227645018800077,-0.3498073270952573,-1.0,-4.960429472548326
0.05006862128892786,0.31900484352349134,0.7126752159726757,0.6116489897987051
-0.41517214818288806,0.8496774034369905,0.3532632667250333,1.6586840017354345
0.12501334302777778,0.028337594500453367,-0.64748606430783,0.9512773644153187
-0.09414539052224957,1.0,-0.5660834645971866,8.942595860468158
0.11711193672593989,-1.0,0.2741820379936739,2.623396135894102
-0.5549553684669546,-1.0,0.7967109959303167,1.6661641409835897
-0.18424196940269089,-0.8876846032206673,-0.39900552221550734,2.2562392653748846
-0.15769398000407597,0.25992637141445907,1.0,1.3862484391653418
0.1913469557726335,0.84952804595655,0.886485089697794,5.8239020306852005
-0.7726344811744406,0.3764058665537138,-0.9549236252669155,2.574904080014452
0.02743155557953436,-1.0,-0.6384913091559152,-2.782659000641016
-1.0,-1.0,0.11967693238260613,8.209700559705789
-0.8381707006070247,-0.25016577187021993,1.0,3.964715420754945
-1.0,-0.6404810953980455,0.3221519848187899,2.1252697845243897
1.0,-0.6467695955870789,0.06695051603490554,2.966293295441599
-0.7914416294684787,-0.459270911638068,1.0,4.198526286312018
-0.2677596746743025,0.3319762507536199,1.0,2.5025922626915613
-0.6673313106895622,0.17339666911424367,-0.421659840266843,-1.1174396255105525
-0.1338162119202777,-0.21948530238841024,1.0,-0.6512413587333381
0.05441799561460603,-0.2667538194136245,1.0,-1.74642335165279
-0.9116580130539464,1.0,0.28564551214031186,2.8577806026283943
0.44820054295323963,1.0,-1.0,6.797069249140666
-1.0,0.43826896496350254,-1.0,17.827945815069377
-0.5369354401697488,0.1940997837396441,-0.28412812603564075,-1.0481992971206269
-0.484766682956439,0.5747908395051715,0.7792652578586943,1.2533666308871392
-0.36927474496523494,-0.22424155930584666,1.0,0.7428919268315605
-1.0,0.0477406125306874,1.0,3.4336863976504817
-0.041002244036769,0.22946442540682077,-0.4957796312152343,-0.2515040134239884
0.5559956165022328,-1.0,0.50328386151191,-1.5341103543652448
-0.006617364120649283,-0.48959329881225844,0.3703232637250151,0.46541657691014326
-0.17738998503800074,0.5848863313095949,0.22616639596848542,-0.2322754967777633
0.3461340430859672,1.0,-0.807401447042724,10.67408258471012
0.769219756701568,0.18736563994592914,0.18781455242466571,1.9748498674505766
-1.0,0.7688685127567905,0.9266014334156925,4.817782320038349
-0.1038365926647642,0.12357177753561133,0.8261827478701136,0.1818785114663988
0.3482073741656464,1.0,-0.3114779494273541,8.951674849893156
0.6809209756410846,-0.837936971195016,-1.0,-13.627903722259129
1.0,-1.0,0.3144775687118262,-6.6385689293129815
-1.0,1.0,-1.0,21.382688833186805
0.3118527002442322,0.2930772690283945,0.7675938464211538,0.7400691816479666
0.06513558612188697,-1.0,0.2779452241078495,1.74573627463092
0.4110385097480522,-0.9969076308189038,0.23842147800495406,0.6998424437990045
-1.0,-0.9649232867080404,1.0,21.554311736267163
-0.8995167743994805,-1.0,-0.06673444460701594,6.402310761000856
1.0,1.0,-1.0,39.14094922765629
0.16570094703762805,-0.027330357521182513,0.7307598757873828,-0.5123058989196997
-1.0,-1.0,-0.5131409567453433,4.704060894295286
-0.10510736286539091,-0.00768357864609448,-0.22618870697492732,0.44063237761905216
0.8066775640283932,0.15527829982226193,-0.26780849301846077,2.319867043400491
-0.19880090385693028,-0.8979930276961534,-1.0,-12.080320605017342
1.0,-0.09154343463508319,0.027971819591888103,4.72986279119927
-0.3149157766989408,-0.32297070409127304,-0.358404912097275,0.4813221810524029
-0.6930012746034695,-0.7215585801459294,1.0,3.952531732173278
0.15086819959771347,1.0,0.5473643513512805,8.097976414469207
0.22269641612350521,-0.3038361315099991,-0.02943872831748129,1.6020666939303914
1.0,0.001756731318993232,-0.7671942917800734,7.091459404567763
-1.0,0.5649607082868349,-0.8822731606418508,11.100134302122036
0.9747044274780658,-1.0,-0.11200078274781955,-7.974976103958753
-0.8423697698143857,-1.0,1.0,8.070318189832452
-1.0,0.8582213114094825,0.6822078795800954,-2.277278199770485
1.0,0.5047960870996504,0.0628632206814117,7.200104051263894
0.10357668761666505,0.7585087913684245,-0.28121661478041404,1.514005573469992
-0.9106564558259567,-0.22898416170256408,-0.7172275201603417,0.794846015438138
0.9105868386478946,0.15300875239752454,-0.7694531477117945,4.763395209552549
-0.7251492918313065,0.5894348056894649,-0.9109665010954491,0.10280636783687092
0.2467693013707568,-0.5352007357782143,-1.0,-6.05672562814517
-0.19775227189541833,0.05261611600010707,0.446850672647793,-0.1135086225274547
-1.0,0.12096336741875513,-1.0,12.74490413435992
1.0,0.05147634540409651,0.4059392380444675,5.604490406923045
1.0,-0.8787261475582757,1.0,-3.444991522578457
-0.7938422099477869,0.8434823580394111,0.2648074411341004,-1.5495491469780545
0.7114859280285191,0.6689301066140405,0.6318318029266259,4.7619681428315435
-1.0,-1.0,0.11777644363296935,8.950125027925694
0.44618147683345155,-0.4482330604847067,-0.5174922311332129,1.0837416543736287
0.13670925244751597,0.23122917655234687,0.9236773188994676,0.29331921311218756
-1.0,-0.007144803508603914,0.3756307060525419,-3.7034204501628216
-0.5002305557622291,1.0,-0.005317296912415337,5.690694943691316
-0.06440044553619928,-0.5376900718699369,1.0,-1.1084129727033116
-0.27848712384955876,-0.8730827949297142,-0.8082410670661684,-3.3973548781284895
-0.7176443828805965,-0.6314041729837869,1.0,4.147265238585602
-0.4897215062985778,-0.0355397256939467,-0.3231097252666426,0.7595655913020618
-0.6640515313029305,0.6130609962554581,-0.9797570144118057,-0.06763217456028592
-0.09351988810311496,1.0,0.46577674920685275,8.418665970141982
-1.0,-0.5722762623338689,-0.6100013776109587,0.6341096491492593
0.8949389963667285,1.0,1.0,19.0431368196335
0.22176481092412392,-0.4059281076438863,0.0161909574582646,1.1754740018117995
0.16410885749389892,0.4293109716678194,1.0,2.121062250726287
0.2662967912366041,0.8406818152956868,0.3470496789093045,3.7899427144033213
-0.1838277365365828,0.30962704455869106,0.2667919822129756,0.027842507007969364
-1.0,1.0,-0.21628974269585233,9.762761665195976
1.0,0.0446416149528337,0.7127062833846438,9.004151436641648
0.22019075823329914,1.0,0.20830490208887675,7.524708517075968
-1.0,-0.0682315027214715,1.0,3.718514911012567
0.7606216409664561,1.0,-1.0,14.492138942125129
-1.0,0.48493701509619247,-0.0044919466837278765,-2.714411850264801
0.4302638896748494,0.8942433828745711,-1.0,0.33152072603476385
0.014706372251341637,0.24705233409830107,1.0,1.8331083264635988
-1.0,-0.5811025090760382,-0.6246373915436951,0.14113076502994243
-1.0,1.0,1.0,16.523966859724965
1.0,-0.9041173837112193,0.7051325467314504,-1.3278302595866702
0.5385698065668219,0.4990499119744709,-0.8949934214338569,-0.512891681442341
0.7593531729012413,-0.6096673485878707,-0.12147022153337805,1.35952584916692
-0.8389367010942246,-0.7719510147041648,-0.9656194254212116,0.9111529463107724
-0.3017664076874451,-1.0,-0.6437611353043995,-1.4379368900765985
1.0,-1.0,0.8228882237986437,-5.985073459235136
0.1730203332471485,0.16570910848762344,-0.27078562491652747,0.8829145722759968
1.0,-0.6360283309690382,-0.9121068858495309,3.0516995601265022
-0.00849778539878221,-0.9698381407961134,0.9987027944358324,-5.830985900018646
0.24775391690464277,-0.029471696916359313,1.0,-0.14161228227260209
-1.0,-0.25564186447469295,0.32051308077137497,-3.116502814685552
1.0,-0.07699480771111578,-0.07103538033468992,4.505878554904823
-1.0,-0.08467897647357714,0.9052140368231252,1.5027551644201858
-0.0379618104590953,-1.0,-0.16524610186929034,2.8792609306098025
0.7501294293064442,0.9300944148703452,-0.29413437549701626,6.559467744131786
0.017828209977470255,0.835574361711322,-1.0,-2.339055140197685
-0.6599837079478612,0.030934587095855726,0.7314215157285306,-0.476092295659031
-0.3300247755271879,-0.6584084589803738,-0.34271322987834263,0.500116867804541
0.4370563107714096,-0.7102687771728371,0.5765819852117047,1.0645864120997266
-0.24985084804668545,0.3550752219833273,-0.4101575139311824,-1.0058250622155525
1.0,-0.06533297758035839,0.2786370509879228,5.811906645259797
0.0641314578820833,-0.2966914615448273,1.0,-0.6887239934115477
0.3226082900470404,1.0,1.0,9.63030576530166
-1.0,-1.0,-1.0,2.1349937974045323
0.3482187964173229,1.0,-0.1879137263926669,8.46733527805516
0.08546425419072623,0.9894159523553681,-1.0,2.758683771853665
-0.8385707950506562,0.01797358193492138,-0.16495050491173902,-1.5161728777454966
-0.02720251456029632,0.7247773238153392,-0.1785843286370461,1.4556034049481914
0.6047368694311146,-1.0,-0.10521907964357391,-1.2373434103618803
0.9226401965347568,1.0,0.11964972273412888,11.473947825898959
0.8973315695267361,0.47981133185969727,-1.0,5.114292610864095
-0.5638660362789745,-0.1373516171833833,0.2041812078165708,-0.1515424025904532
-0.24152209719924267,1.0,-0.5148724472024162,7.591819529740695
1.0,-0.20370195349267695,-1.0,5.310128382928737
-0.20914350253937242,-0.934408724258901,1.0,-3.7860273985631694
0.43625567735210136,0.31816102495193066,-0.7699374072458514,0.5136465634175051
-1.0,0.4801738719170292,-1.0,17.692875826111297
-0.8843544746034859,0.7029580728499436,-0.2921592586428787,-1.6635211765796776
0.4701749813200695,-1.0,-0.16642277955101137,0.43606912148748106
0.7880930573159166,-0.34116930324667183,-0.889196913105414,0.13698427177908057
0.19729207583238262,-1.0,-0.21263467958773608,0.9650678897923629
-0.3784055671839477,-0.41872085648530555,0.7841796834005457,0.9258842658385817
-0.848035151668804,0.5749905760497009,1.0,5.387936473736956
-0.8240186023786282,1.0,-0.2715800601781284,5.542417468088473
1.0,-0.27688143542993515,-0.15572028568892704,3.3783453412707045
0.43587441360854773,-0.5991868763135546,-1.0,-7.12245382722557
-0.4053061843148653,0.21836558387389715,-0.2544018654558482,-0.9507521434821362
1.0,0.3423803498459199,0.3192201065805442,7.740715493858557
0.49669601717823864,-1.0,-1.0,-22.697576496756884
0.1339068359340474,0.3817825883643946,-0.48400582160753847,1.2071409588258528
1.0,0.31704393542276366,1.0,18.50876010360733
-1.0,1.0,-1.0,21.787642025552014
0.3033592511120964,-0.720947822543049,0.6368637472694267,0.6961451804501583
-0.931964085165188,-0.37801003703282077,-0.22496711268845093,-1.1793552648721222
1.0,0.10856024165418265,0.9585785482252029,12.90904565327106
1.0,0.26136516907078255,0.7709835172470123,10.944833312977508
-0.22102306641035407,-0.5018927840673248,-0.9837613237912031,-4.442726482920351
0.05855906228285468,1.0,-0.908825246299295,7.536754349098231
-0.8709121573810026,-0.3693867897987133,-1.0,4.939466890101406
-0.12690565319220237,0.017756994068643284,-0.7036985036320997,0.6093480174360403
-1.0,0.28797711053502706,0.4351486551236745,-4.826196346494645
0.7464381012802579,0.298234524530792,0.03843510484800983,2.542092079799585
1.0,0.6361957912920264,1.0,24.26457778337487
0.232487503193878,0.36861073012004253,-1.0,-2.557214435657957
0.5339169385596909,0.39414803731619874,1.0,3.2056835400869947
0.7878147964185704,1.0,0.8391381709563905,11.184402572922089
-0.10131312397457282,-1.0,1.0,-6.244318461289593
1.0,-1.0,0.39757891234272225,-7.786047402590621
0.3947943151362703,-1.0,0.9573678938054015,-6.022680177196618
-1.0,0.32554005554390697,-0.9889943883375303,14.18070512857197
0.2904093062647437,0.2975483302516022,0.03658382709392605,0.7383587968779588
0.9335818927020672,-0.32938238970306744,0.5923611108806119,4.369634199217511
1.0,1.0,-0.20946994220787296,16.41701640845083
-1.0,-0.007028544663172598,0.17992889300203174,-5.139926672536947
-0.328608843337707,-0.10590970631521301,-1.0,-2.367404442554285
0.04678969560420132,0.6457811461177918,0.996623676259009,4.32853909973057
-0.23041389158893333,1.0,0.49396650219992444,7.662146482533663
0.1086072091258874,0.148908045372794,0.6180679282103894,0.9457375544896229
0.9476729725153246,-1.0,-0.5518245005436568,-10.212484873614304
-1.0,0.11882867395034014,-0.23057894296634207,-3.826695755572065
0.21952357682819268,-0.36051981937824285,-0.3983053860115555,1.4596897241465805
-0.02240898572201888,0.050226293954179546,-0.49330364746025324,0.18840250581346862
-1.0,1.0,1.0,18.027735288783905
1.0,-0.9319464632954553,-1.0,-19.2581720652182
0.7304267438002172,1.0,-0.2739489007189091,10.896131293475621
0.7247564832595716,0.42991699947947226,-1.0,0.178050020377005
0.8893486679395968,0.47945120526574025,1.0,13.780506425086415
0.5027820078878815,0.6195533309295829,-1.0,-2.3059553471742285
-0.49237190486959115,1.0,-0.7484406421485246,4.6076463918079575
0.006574381634010251,0.6749598008721311,0.8655628991677937,3.531385175056554
0.21005425960624602,-0.11407691754707705,-0.029801437543345077,1.723409120532293
-1.0,-1.0,-0.785385721235591,3.620560915612779
-1.0,0.10611213984962209,-0.8428804417868623,4.616077858964012
0.9748007641272733,0.49228454632585317,-0.22445675335201787,5.231929356634328
0.5396381767612117,-0.5499152737544923,0.6935331401924185,0.1940255478071184
0.9280256833639235,-0.44036096484100296,0.40193677173584996,3.6537576038310298
0.9475159602224297,0.3207043765062694,-0.5645064640279707,3.461749957824222
1.0,0.15809295087782482,-0.17422336486965428,5.31961492838578
0.1345415117218669,0.4035351327248442,-0.9355934968096986,-1.67127734554074
0.33017138272872004,1.0,-0.28536811634638903,10.191382953093083
0.3470295628883011,0.11247821951565307,-0.8672824322958277,0.24232198423863396
0.799188596567173,-0.3757272730924961,-1.0,-3.6868278336408355
0.883936117735501,-0.098375781664926,-1.0,1.385315091255555
-0.4189278751628964,-0.5475726637084686,-0.7753653894732648,0.08979574349531455
0.9108342358535706,-1.0,1.0,-7.8852280826234145
-0.1748028154521084,0.33237261226054615,0.03953332539766796,0.26336696149855165
-0.6484139938859252,0.7791788997393645,1.0,8.395533669040361
-0.10101482421752106,-1.0,-1.0,-16.88849577031039
-0.08889630137679916,-1.0,-1.0,-16.592844031162556
0.22902532426025468,-0.4076567598813934,-0.7795762265993218,-0.0959452188313442
-0.21426797314922474,1.0,0.5023665177477894,7.606828470863561
-0.2057938238914574,-0.06269247000304712,-0.5487381926857149,-0.3663490392014931
0.28341851812408225,-0.05390389826585973,0.17521766751793044,1.6477305307112067
-0.18620891390123218,-0.3474528594622328,0.37273301603278597,-0.30551370402460354
-0.6033272537025856,1.0,0.15753320656969172,4.691346803148709
0.6391139204379637,-0.046862065444543965,1.0,0.23054869808324496
1.0,-0.5450957723118819,-0.6693998641753756,5.412469449397223
0.3661003367028939,0.4228712460508113,-0.4898706256806049,0.48268720075284127
0.24523504782508265,0.7559625632195259,0.43336735281633,2.3395252594194003
0.4839289804306124,-0.6127253052239203,1.0,-2.8893804694855705
-0.643675640717893,-0.34202393263506226,1.0,2.4187151824163107
-1.0,-1.0,0.35664970056924905,10.431152139213244
-0.5438158506718576,0.43011259741328356,1.0,2.6278575317667325
0.2539222738027491,-1.0,-1.0,-19.002637842715576
0.08828342022827318,-0.8025736620947741,1.0,-3.043724380253484
-0.33856692135123767,0.9897571235756366,-0.44629697353241715,7.192732539169004
-0.19346261633209716,0.6930791779637195,-0.0026753668146972664,-0.47253071494265075
-1.0,-0.39205347356018017,-0.6386088601685871,-0.6619693602454646
-0.7017176549508244,0.422990907396148,0.1263913042344058,-2.387128297137981
1.0,-0.4217331434761793,0.3251772828636552,4.170965828022843
-0.8479287446333272,-0.20357878028109355,1.0,3.358410260725648
-1.0,-0.6769971484569979,0.5628304086455602,4.343220067899974
0.12119304051425184,0.41614172827723483,0.40842285009435364,0.57019821195099
0.32558132217303437,-0.41725989950065223,0.2953809615047318,0.8416624016051684
-1.0,0.05828907908364056,0.6383193093468462,-3.284440635507723
-1.0,0.0669633524609281,1.0,3.6908674095014047
-0.7761135389598841,-1.0,0.15945123373134273,6.097138795481939
-0.37451957769937616,1.0,0.23095743701287885,6.617528269539444
-0.013750409844746514,-0.3631796092168573,-0.33432952831517104,0.9971114505010605
-0.009970775580530722,0.6914574178923991,-0.8499009361460703,-0.915078680813452
0.4306425508541327,0.9459415803775615,-0.21770531654062908,6.441436358054983
0.08570654802994015,-0.015749861983970215,-0.0935817903521361,0.14709313548611946
-0.06605507268787658,0.5120128528340946,0.2880198413825181,0.7757798478874776
-0.8918040947405865,-0.19417258197158516,-0.7107909049038199,1.084252505369952
0.6278729014974826,0.9851067969178049,0.7786197770013767,8.421693787665058
-0.8554200191550803,0.1255885051860841,0.28802280992235185,-2.804503256250137
0.35877074615691207,0.7736912858946188,-0.20954528823547092,2.3484148598728147
0.3468040044402749,-1.0,0.7987964361613378,-2.166145440589182
-0.011505649603013035,1.0,0.7672271647498412,9.67056643969175
-0.6621643680248508,-0.16080406426028193,-0.8362005028398172,1.1892044122438594
-1.0,-0.6335510054235327,-0.03226576638292089,0.14948783294543005
-0.31497916220869926,-1.0,0.337218250639981,2.225281404162837
-1.0,-0.8762036362777434,-0.12065195628978564,4.501855362044634
0.32908801411451893,1.0,-0.0005913841159417288,7.669438590345908
0.061490523981932776,-0.47752338374830217,-0.3443114500402791,1.2952553266420734
-1.0,1.0,-0.18794588665127843,9.522564268239837
1.0,0.6209530767828162,0.20653308469312437,7.800488546807001
-0.8629470007309239,1.0,0.42535362267540755,2.1390493805185464
-0.20470390271186067,-0.24239151136132442,-1.0,-3.655518187725905
0.1446630493581147,0.40933753083843416,0.7019328821838677,0.5630486642829466
0.17480976074166787,0.047125725670362995,-0.9386551751669321,-0.9299523811585584
-0.4835739432986548,1.0,-0.13765126289323382,6.486043341111297
-0.6633138114776005,0.010676106143742148,-1.0,1.1447627738282562
-1.0,-0.680376007982723,1.0,12.196326537433894
-1.0,-0.6371595725229768,0.36945233310607395,2.4208667028403053
-0.0866146425732992,0.6205536915563326,-1.0,-3.143525719869977
-0.4708702909941431,-0.030547154176538527,1.0,0.9850812046081676
-0.4409375206329038,-0.8814212848857232,-0.7440639784292833,-0.3408684502930541
0.7609972814771095,1.0,-0.33542018799706796,11.54316100884564
0.18829197812795706,-1.0,0.8517449473248491,-3.2437343465574675
-1.0,-1.0,-0.03166988849475372,7.798466928307055
-1.0,0.645829722182605,-1.0,18.424117857183703
0.0705856547978505,-1.0,0.860091306794764,-4.00406332412793
-0.06783112451750961,-0.2945580000155943,-0.6053808191275909,0.12088274493309248
-0.8173500408495602,-1.0,0.9041409046511846,8.617176747414913
-0.06841981689172094,-0.24516094092812413,-1.0,-3.752426909463611
-0.8259635831918437,0.03828361215008713,-1.0,6.099990327785399
0.36543586229900704,-0.1638501288109886,0.5531627490018116,0.273260586906821
-0.3369536625665557,-1.0,0.6167598769386549,-0.05032330468899304
1.0,0.5642167835648835,1.0,23.96219965033784
-0.866620694648395,-0.6398469727450566,-0.7974167498194715,2.9675136493521195
0.36633883260336475,-0.26726744632728083,-1.0,-4.529816299866398
0.7204789911589655,-0.531926046876301,-0.20101854015701792,1.297260802283236
-0.27275729445517616,-0.6425402013154358,-0.3968587187213921,1.235774091037203
-1.0,-1.0,-1.0,2.565242589476007
0.07755603733995642,0.13736597837202513,1.0,-0.2851800453286618
0.45252152257104483,-0.28594626541645596,0.20158518312206697,0.8086232567082777
-1.0,-0.25248432446522107,0.22761841702214602,-3.4288075539364287
-0.13121258255275836,0.27390818351053503,-0.3593682719995366,0.3529317933780423
-0.6085867318497333,0.3546478470706349,1.0,2.7484804246882018
-0.6870718862093996,0.6329259157919036,0.9605237116373169,4.635053048042937
-0.05824270234523432,0.6768799878827905,0.7515881732938474,2.1209970986549416
0.6825171841328328,-0.550823463077978,-1.0,-7.265130580086412
1.0,-1.0,-1.0,-29.398749785471505
-1.0,0.6440518622340639,-0.3061172166086785,0.9681695037266794
-0.007038947007477869,-0.30188513168289166,-1.0,-3.1496336253760937
1.0,0.1348314155455188,0.6960267688152304,8.60895973729588
0.2257597014656174,0.43954827674810315,0.13717563008367617,1.4261277603462643
-0.13856012660289307,-0.2750769679218854,0.4994650845530204,-0.45156114150025656
-0.9755832563790652,0.30866802987322073,-1.0,13.723710888386563
1.0,1.0,0.5160117088162142,14.274793206632012
-0.09807917268739264,0.26455035217540956,0.08476316710128207,0.4362372368911695
-0.26408407814085155,-1.0,0.6152199744195812,0.3839409219306246
0.51452150349215,-0.9250273523063239,1.0,-6.211297569292006
1.0,0.1403613191981512,0.234715359224152,5.402943953311363
0.8294558454614889,0.10992550927015654,-0.3707287729997768,2.258149901389959
-0.5252640746595931,-0.8899075707719446,0.7698674472088138,1.5976489407476169
1.0,1.0,1.0,26.787019075148955
0.351799597990881,-1.0,0.8685890257551558,-4.2273301801413075
-1.0,-0.6431479517758201,-0.18225056804686268,0.14458595811523495
0.06583735604450758,1.0,-0.171008042972294,8.786216010633959
-0.9150365239448797,-0.6450649586632669,0.05086903575585833,1.9502379942724883
0.1793027141975827,0.25535229745529087,-1.0,-3.2154889491800245
1.0,0.4701734665067012,0.32846997853540194,7.9124855691340725
1.0,1.0,0.3548133824921156,13.525149619639059
-1.0,-0.18366501843137062,-0.06800921720235831,-4.077212930970529
1.0,-0.7512582425155716,0.3843958137645713,1.6226504502554675
-1.0,0.8408296616041049,-1.0,19.857612137865182
1.0,0.36669364385869896,0.54069115457434,9.651130144721646
0.052113554454290556,0.79382923001362,0.36445867915232677,3.101505983313104
1.0,-0.3288752795136549,1.0,6.940201485406089
-0.08894394604440392,1.0,-0.03502709415427474,8.236473875531745
0.2565036264510099,0.9837086886976203,-0.4235625998024042,9.35436096778519
0.37072118173114665,-0.16841968000278973,-0.4174876200543687,0.697483328067467
-1.0,-0.3963310808615297,0.49047893108292606,-1.002976737974073
-0.022771242253963875,-0.40743097851465393,-0.4407756470716402,1.4265787481130954
0.1260466304887624,0.019035729075052688,0.14987089002389542,1.5522506315075637
0.19069837708416615,0.41448416716105174,1.0,2.8666466218143642
-0.5986380948040166,0.8600649228935964,-0.9802379695151626,-3.4336317277966786
0.7157832860146207,0.35852793647484793,-0.13625055663947516,2.075093519330451
0.3058399539885108,-0.4977435672992414,-1.0,-6.059120195075225
-0.8438925687739629,0.2688973056235042,-1.0,7.094886981140392
0.35083672846427083,1.0,0.11570007797733073,7.179714975512348
-0.9700181829994783,0.14758913070368274,-0.5408024239441955,-1.1493001368638405
-0.1766526643590831,-0.038944594335446725,-0.25556468938862476,0.15524540813895527
0.49554965763440717,-0.9638544237930802,-0.9902608341442936,-19.125325876574276
0.9821345420426721,1.0,-0.872766088176935,31.426640370740486
0.5143949529756409,1.0,0.7089534231144263,7.21645265731964
0.5076107656949109,-0.27863134145262314,0.0892558350881294,1.2738391191013054
-1.0,-1.0,0.04697677594558769,7.873033657592653
-0.986258269197912,0.5704466365425407,-0.7370525452340686,4.634988477295896
1.0,-0.7697397223054014,1.0,-0.311684652794248
1.0,0.4908024157185893,1.0,22.300324410427205
0.17210523016116452,1.0,-1.0,4.139617312080056
-0.8658559213621655,-0.8439792922184048,-0.051852518391295455,3.846355730887786
0.993915315398795,-0.7556540740757562,1.0,-0.303139573362013
0.06938280163514698,-0.27218131034972437,1.0,-0.5636135376714365
0.5451291116327222,0.7510600562673533,1.0,6.73818171997858
1.0,0.9061147332878763,-0.9707971242285585,25.76090032528408
-0.11442980449043572,-1.0,0.01663801292893652,2.0267407310644825
0.3734435496903501,-0.929594504676764,-1.0,-16.292712656929822
-0.35059067776135344,0.7911257520984663,-0.16035776917619926,1.039779441440741
1.0,0.28448396132256226,-1.0,10.909905531484217
-0.9652839755089213,0.18799110114622652,1.0,2.6139727758955846
0.8335032431378981,-0.8144623681507401,-1.0,-12.707175156817307
0.042307503693349346,0.9673677714666544,-0.16154579718292883,6.5392552816250396
-1.0,0.2106782786327981,0.25116103341432816,-4.224431943450976
-0.2973452000623551,-1.0,0.19102440492381545,2.2995999604201143
0.10437143322675468,0.3022803482390479,1.0,2.224441123536103
0.6443684028737293,-0.40517465925118734,0.8829407212486367,-1.194995165396604
-1.0,1.0,1.0,17.248180818723448
0.598018847922714,-0.05020660567382129,1.0,-0.1812196042767469
1.0,-0.16730375362408,-0.40075211166449076,4.664667489902494
0.9506647445901069,0.47052038615746516,0.3283824627376075,7.019960783562238
0.19188358277116668,-0.24167070659876,0.037615849925083156,1.1094934978164976
1.0,0.8401143119091254,-1.0,21.684979818074556
-0.5017084109382861,0.4595027587419793,1.0,3.0746392378990297
0.054990676725362064,-1.0,0.2632868301304927,1.4363763663715328
-0.16070832516020306,-0.9942467569960156,-0.3414258671404726,2.318895499497561
-0.1931686754313724,1.0,-0.40837030978465605,8.635930431694879
0.7040746961073139,0.3713647410424079,-1.0,-0.22075908517831894
0.6826558964631297,0.3749910591448211,0.10244426936514284,1.4466267275405165
1.0,0.17169892290200783,0.43903527758898586,7.304462027141501
-0.976198452977749,1.0,1.0,16.982621336282584
-0.2888369283706984,0.6886856930377225,0.5345048228601583,1.300102929149852
-0.18727065998055648,0.12911658018909145,0.6812038068061053,-0.2803541551009081
0.8270146068254856,-0.5999541149011172,-1.0,-6.886804610229015
-0.47299760801118906,0.23606409631164804,-0.7569867917874107,-0.36418398173088895
-0.11099051739798815,-0.0880093312954966,0.285517412208788,0.09076588859642379
-1.0,-0.9601026603379013,-0.32486104795010196,5.6191432649373345
0.5059656988589316,0.46849823391220924,0.38165473126119887,1.9941039851645441
0.7314139041975256,-0.33856278751027014,0.6093571533822117,1.5813942379531725
1.0,0.1427482795979662,0.6533957063848466,9.391493667265209
-0.763892721685556,-1.0,-0.39130759233181034,3.983944879620098
0.8909164754223393,-0.8057698327555662,-0.41155699761331843,-0.44036554834145036
-0.4967860423408248,-0.9633256723063841,0.7691912439252528,2.0041539790045566
-0.5321342593256027,-0.8611302889033841,1.0,-0.02135858009003644
-1.0,1.0,-0.5648526359416732,12.947503873240604
0.4120949367646709,-0.9331460385545538,-0.9260888428572411,-11.808378882257186
0.4111830450344618,-1.0,1.0,-6.660779132979313
0.26809872683027636,0.03508258533364028,0.7635271976712183,-0.3148891577353705
-0.3189696603979213,0.7381302372154528,-0.4545563079778041,-0.7660130691855817
-0.20862975676187867,-1.0,-0.9856014763640195,-14.534387538511494
-0.6139366623103342,-0.5458896179658554,0.015289190354675242,1.6634274731194405
0.4937685414237669,0.4304270456859631,-0.2788358298247253,0.3263313874507011
1.0,1.0,-0.033881820992928136,14.857877437499196
-0.922212856864429,-0.47049296143225106,-0.19674255703679866,-0.643176117208806
-0.3123595982507157,0.4143263898508489,0.7149701230761789,0.2647154761126732
-1.0,-1.0,-0.8839096976519518,3.2806884665731078
0.962651687479402,0.26254106029468494,0.4266663863739262,7.050083858742213
-0.9806540631568206,0.9181965555058496,-1.0,17.26107955747282
1.0,-0.19302655752583298,0.6212453502266839,6.5406209109734
-0.3580942730980574,-0.1124297487254644,-0.008727427153799372,-0.13319387892690376
-0.9364511604705108,-0.9014501414261518,0.10967433516843395,6.23867604839012
-0.029785747218671332,0.58748675319147,0.1565483824013716,0.5921570606213562
-0.3919769248303713,0.7317512052636053,1.0,7.42819892084399
0.39980852145599544,0.9706521831737736,-0.37716432905246977,8.758247038487035
0.9371304233231157,-0.3924869899632375,-0.7868037976002176,4.635049302210897
0.77362844240213,0.30279444575237746,-1.0,1.5211183850116885
-0.41346337729233285,0.1310787550753767,-1.0,-2.00181970267444
0.39369594250425344,-0.7161818432641076,-0.3647034532701594,0.5139937055588318
0.696787043350577,-1.0,0.38200084682648505,-1.5844619203258363
0.12737405426538473,-0.10592610687802351,1.0,0.04957455465387406
0.16807228183276668,-0.3264380565683147,0.3622779212954421,1.8109985656867984
-1.0,1.0,1.0,17.159011210285794
1.0,-0.2156761690521123,0.3607603651786746,4.658659326477858
-1.0,0.5586141210765665,-0.27082113951661846,-0.8407157883468571
0.23763899120444942,0.26020378128556776,-0.14425242754663192,0.7151131459996621
1.0,0.14731643999701638,0.040180308340402426,5.0703189450437485
-0.06354001107310503,0.9855424438196132,-0.40801187134807937,8.031319141836537
-0.25541938959838806,0.38911215985030134,-0.8612138961474363,-1.4448656119428673
0.9529825180944249,-0.07354656725164088,0.16742956278535348,4.26415484343275
0.8076391717514868,1.0,0.5625047995483663,9.97968026865121
0.8511865652927335,-1.0,-0.19672567542380404,-5.238327465481886
0.4573070951280538,0.03898377807550357,0.4150271200077753,1.9096817296407216
0.057946892105866565,0.4733456272184655,-0.6920078170847439,-0.20505662295456376
-0.44680179922043783,0.9096131035191475,-0.5550026753135306,2.12716852407145
0.625376095158525,0.613405195253544,0.3812538121168534,2.0308156254500447
0.10934491073540098,-0.39568176911608166,-1.0,-4.076773051818665
0.14906355560742912,-0.20893173555369926,-0.5577032536664444,0.6984862377954272
0.8614759398113578,-0.3585857535311212,0.4471540071383724,3.6627443173705414
-0.5545377380724048,1.0,0.6542183063758868,6.756048714355952
-0.9283881503555029,-0.2745875332834391,-0.098587962287638,-1.602752948319949
-0.11019913659694214,-0.3590649285829217,-0.30552972390684796,0.7839397160041849
0.8928482416406693,0.5157213290155263,-0.9748256430857918,5.213811139404611
-0.9013170817204381,-1.0,-1.0,-0.4172086554417207
1.0,-0.7644642494445115,-0.725950285197658,2.4658401647494195
-1.0,-0.39256356708472917,1.0,7.236175767974104
1.0,0.2521399151304069,-1.0,10.163858454736214
1.0,1.0,0.10342089908529273,14.422765407421876
-0.17985409223995852,1.0,-0.3992425716610659,7.946632650524015
-0.5577684918420747,-0.04142723560347372,-0.5022685918857162,-0.06917145979488112
1.0,0.5406630204284555,-1.0,13.562764568449222
-0.5646160892281511,0.22009195947061455,-1.0,-0.590257088426087
-1.0,-0.30616179466140614,1.0,6.2616384550578905
-0.3004089441761435,-0.7725209030157933,-0.20349153976931356,1.8488143743173295
1.0,-0.7414148240055687,-0.5138574059223235,2.9712738168460904
-0.8730770282898448,1.0,-0.07835743728689648,4.907045966080334
0.9473140529886839,-0.6754370016534348,0.704494402201923,2.1797638830550707
-0.2808806748609092,-0.49956108214563755,1.0,-0.44069128674222324
0.23117160873394882,-0.0704819149455056,0.6434969798746519,0.6698373299144836
0.1439487169450453,0.25455249359466214,-1.0,-3.4585447707034813
-0.08703662315769356,1.0,-0.6006548563938572,9.359948953303737
-0.31290859975590424,-0.12080249571632007,0.20080136146285432,-0.7191075935098865
-0.061811034009854104,-0.31197000664065033,0.21908588857344258,0.7530131095088682
-1.0,0.7032970268085852,0.0990992063360403,-2.0136453933337535
-0.20035239743729583,-0.28803390967697196,-1.0,-3.230507663881748
1.0,-1.0,0.4549012372361829,-7.737275072676417
-0.9186683699713587,0.0348086086540349,-0.8329741950324587,2.6467947391151245
-0.9966001351164111,-0.3215285232530103,0.12312691493052985,-2.9971976437742605
-1.0,1.0,-0.5497020577606486,12.470866574734547
0.7897610575454863,-1.0,-1.0,-27.281586980519172
-0.9790922551712224,-0.6010681018443098,-0.883773041961053,3.545365166097834
0.4580029628217066,0.02429156678955935,-1.0,-3.0880941508707225
-1.0,-0.11596637979591295,1.0,3.857293359027874
-0.5912491964396989,-0.5227894746325767,0.3574866744211891,1.0476976247711627
1.0,0.6770502804417231,-1.0,15.265989906396468
-1.0,1.0,0.6858985618346876,1.5582202530161187
1.0,0.39616113083591187,0.15863646220125394,6.981333974821846
-0.9770098169397528,0.054213177009101,-0.37398382613120407,-3.069924664992053
-1.0,-0.32179193203528045,1.0,5.979738983695395
1.0,-0.2536064811944936,-1.0,5.224740168857478
0.5966688688365849,1.0,0.3929985744259976,7.241356295456167
0.8088175149655981,1.0,-0.13288239256546586,9.866156544022425
-0.5708808336907356,-1.0,-0.9834462642183492,-9.145880152283178
-0.7648619810502382,-0.7545860957301103,1.0,5.6613946122806285
0.18614847780002242,0.005535416251750025,0.08074809485844159,1.4271774402067248
0.032484265564433956,0.6041087353064989,-0.2682933543009942,0.06982223803882781
0.7443527939614383,0.28940281058698036,0.7694708648068163,3.70013545998706
-1.0,-0.06793067456235513,-0.37399134776148557,-2.8109448588881545
0.8249120109931882,0.8595242357691228,0.9684862694010312,14.440108356001407
0.8232706991369803,0.42742675050513834,-0.11268225971903001,2.838834462495461
-1.0,0.5039531246221951,0.1579619703167532,-3.7396399370347413
-0.8402731647672403,0.8552111207217146,1.0,11.430867681968673
0.4667000708218798,0.8137954888195427,-0.04848469937770039,2.042101554629583
-0.6220172171146465,0.7075715515085068,-1.0,-2.74482941005211
-0.4630600122062818,1.0,-0.0412486038214277,6.724536577262441
-1.0,-0.3827713230983898,-1.0,6.657062870764442
0.746606822529229,0.6551629383929134,0.4954077654971112,3.3337178891109125
0.014650364040389219,0.5681524853468483,0.3902264574218668,1.1057952215363647
0.5802330633448276,-1.0,-1.0,-22.89781337904584
-0.9242374237567228,0.29014758289755593,-1.0,9.779179341148579
0.85396099598319,-0.4673679962058479,-0.44302520363974374,2.0581202950772495
-1.0,1.0,-0.01625763720060358,7.735966013562927
0.12718272784053486,-0.7364958663064154,0.6685369053727013,-0.058349077449682596
-0.2693397476010395,0.3061929907395924,0.7275563139810166,-0.6116258847278035
0.674101242335889,0.9688082953292814,0.3169102879280219,6.395989190758393
0.24185749905247467,0.030366223010622084,0.20991932798855406,0.24276472805114702
1.0,0.0752446190964795,0.5708023414748298,7.3676829839117755
0.005925709352295527,-0.6523500131142552,0.6330066919249624,-0.07908626201310626
1.0,0.31709517505154894,1.0,19.00087781420379
-0.4363473948218386,-0.7470760761967961,-0.057091062340172805,2.2606408497788295
0.699178071078099,0.08031229204985868,-0.36419075406321144,2.0313554924942485
-0.43485538309533167,-0.043869619986249386,1.0,0.9916352235806869
-0.7003624965199604,0.7752736494711614,-0.21439409022338873,-1.2999969305834724
0.2889426770954131,-0.6477821694962247,-1.0,-8.840175329022534
0.6959532508908941,0.07086769725008346,-1.0,-1.7700243730082712
-0.25153994353177134,0.4637261406594728,0.2962503928924787,-0.14533669905325408
-0.30698653522738906,0.7185174251650972,-0.32578648609399874,-0.16940583308831203
-0.08908976676422253,0.6159125921412143,0.2594216603243251,0.6231511952886208
-0.34367676774784783,-0.8771366211431357,-0.3736500935389899,2.3272523902263464
0.7194526133463128,0.07531191430428397,-0.16581679688941398,1.25045486867026
0.6520077900334098,-0.4452124501502006,1.0,-2.4125881388807016
1.0,0.6020413511487672,0.17888580860490477,7.822042195234475
1.0,-1.0,0.47569355438637473,-6.954988892658871
-0.42828909977140994,0.3276274445600105,0.2258719121963637,-1.2021641324397168
0.3312926952258024,0.22897001162751507,0.3181178716280213,0.3804981859701363
-1.0,0.8754247799989585,0.26410063054369703,0.823570777881842
-0.7252686770702828,0.019563465423381388,0.9046967314679764,1.5021193051751873
1.0,0.734753067283445,-1.0,16.765245005192
0.9085073959900396,-0.49016097847467055,0.9674389226764615,1.2979649605851153
-1.0,0.792817783164163,0.4712091300142991,-2.0862697668232175
-0.2812846618635958,-1.0,-1.0,-14.248082245897255
1.0,0.5307012729371663,1.0,23.18406705092196
0.03129630718061782,1.0,0.05577339978350593,8.160491992277837
-1.0,0.445594026683954,0.11601818695914545,-3.5064628019507174
0.9769660615097213,0.9988893185012024,0.23198445598184847,13.169529591911564
0.5586883544997157,0.9271778483541497,-0.5462129970990259,8.050313268335238
-0.09541937385211052,1.0,-1.0,4.007401205295321
0.6663875530101857,-1.0,0.8743992092759023,-3.832957897345328
-0.0874733806895891,-1.0,0.670623716361362,-0.7644662687387402
-1.0,0.41504150440458987,-0.38910438149117166,-0.6688043724188732
1.0,-0.5375306451737902,-1.0,0.8926146784305192
0.17008268128519077,-0.0113736060739269,-0.556356064948385,0.5767277571854468
0.2297698503395733,-0.9951754594467734,-0.8720787687355791,-10.483835594138533
0.7416673659196515,-0.5248092085234195,-0.4055374876840745,1.2041358951192742
-0.11651016844687656,-0.16789109848207096,0.3000798880867688,0.016548945602673892
-0.2565042228020722,1.0,-0.8746023319701655,5.342910224486721
-1.0,-0.23202063554118557,0.5600403793815585,-1.7191557493072445
0.5338881124131307,0.4868596106473069,0.06956235059331495,1.9285963930327896
-0.8745031063211217,1.0,0.9884228681924483,15.280136770435863
-0.9167927335356074,-0.07501371155198311,0.4959703983836339,-2.450419894517689
1.0,0.5781375546490639,0.19750722969503376,7.520911674360247
0.8278171623781274,-0.5653456519080848,0.6351739548389641,2.3240808691586645
-0.43939672455872447,-0.6380288238659324,-0.5039547869012508,1.1561162978975117
0.5464099052993443,-0.3956378079467251,0.5119644056065866,1.035356221389553
0.26246674414840077,0.196240346987548,0.21086576177642447,1.0600461421540095
1.0,-0.7730384006269522,0.12168135206014075,1.4604205346387185
-0.4020614931458866,-1.0,-0.4413946195469767,1.275021629657335
-1.0,-0.4806389383877572,-0.94891363836676,4.665421261586719
0.3558263133726305,-0.6916302403033394,0.36301936573302296,1.0672539974509188
1.0,-0.23483799189037802,0.13158029471426658,4.248072643437046
-0.3322323432402112,-1.0,-0.5207162222504549,0.724146442193877
1.0,1.0,0.4916883875500908,14.742558641213662
0.3360884277029599,1.0,-0.21761531992456495,9.057669488399029
-1.0,0.22485730077015043,0.26790037416568335,-4.3978022839285895
-0.18842622764288386,-0.41905329232698296,0.6747625968857613,0.41936810816940273
0.3478626793602284,-0.9526264453931392,0.5843484198536884,0.10034507441437428
-0.3701050095370737,-1.0,0.02822694904394152,2.801175177868939
-0.4289735165341322,-0.3540597741077043,0.6279235870134892,-0.2669235409390563
0.6203795700212629,0.11187672080685584,-0.1396855533249839,1.4928911665647233
0.145790729553801,-1.0,1.0,-7.092443129147917
1.0,-0.330377974889152,-0.4398193552866376,4.9882027961014295
-0.7874694757934291,-0.6671588290578099,-0.8334373623581943,0.6512344658369921
0.6759031211645097,0.21528524958138284,0.8301600747955813,1.9314368536849473
0.5346971834765257,0.0722846925538998,0.4648811878348438,1.6284670949722264
1.0,0.7696041873293773,0.363633528683291,10.412461067938692
-0.5444006480003927,-0.03002964402989461,-1.0,0.18861977000122387
0.4294426547225323,-0.308972688348766,-0.21043948900616227,1.469651334596054
0.5718725511124712,1.0,0.7884778323100825,7.96608545725136
0.2221039087705885,0.7108266072786245,-0.0019542705633324164,0.7821970538102195
-1.0,1.0,0.2641935311569721,3.585400585265903
1.0,-1.0,1.0,-9.424263074385811
0.06966238638896494,0.025066093299633163,-0.0679958253384223,0.4358719221804452
1.0,-1.0,0.8127177269021175,-6.402342731682333
-0.1725880836243865,-0.7730141696186177,-1.0,-9.057449075135851
0.42213915875387986,1.0,-0.21381465418938705,9.84336304604089
-1.0,0.6917987655873588,0.3985654291807994,-2.698111554699932
-1.0,0.41556263313990915,-0.6962148031881523,3.262857537300422
0.09385544299042659,-0.6765712245466464,-1.0,-7.09952085174621
-0.34190033667285347,-0.43848793773836703,0.9455066339690614,-0.1908798115124516
-0.23109139176280302,-0.9751411293034933,-0.6204339821743863,-1.4715696118981694
-0.07074764755753193,-1.0,-1.0,-17.4103544185621
-0.8011240850246366,-0.35740500181215396,-1.0,3.7740230704104563
-0.6091712595098944,-0.5569887443277777,0.30540400117881794,0.7713629357855496
-0.16376494131712205,-0.7128332030691671,-1.0,-7.674813041421496
0.1284582089947246,0.362182352877795,-0.192193411841457,1.3845680891488263
-0.6387779936632985,1.0,1.0,16.539578424255662
-0.15416651699191375,0.06551044657594374,-1.0,-3.616724255570834
-0.7201276919117614,-0.7455629060395312,0.32515430977621107,1.7420525801944193
0.11895808786138473,0.23557416458728797,-1.0,-3.1886296066259483
0.7752506194569773,-1.0,0.3677126727024551,-2.9604162619622576
0.669721577377081,0.7935574263051686,-0.32424530556811826,2.6946398604655655
-0.49348191759458504,0.056876908390777414,0.016797303396311802,-1.3930209034706693
0.056656018153717236,0.14424792160426558,-0.11423447046780688,0.784470228410331
0.9746467229458264,-0.4489504226233958,-0.34018297448079227,3.713151128082471
0.8284315066567991,-0.5717477258033183,0.26769411375957985,0.8251013454174793
1.0,1.0,0.5108484279774177,13.54958327050894
-1.0,-1.0,-0.7685047541259185,3.0701355886913833
-0.20453184414037384,0.282856804841527,-0.06636413133178265,-0.07187508009261044
1.0,1.0,0.7735253562443656,18.083969869232313
0.2993700054874744,0.16525522142184546,-1.0,-3.458196168939988
-0.13791073900179218,-0.7744802445987098,0.7767484218749758,-0.14608156479210868
-0.5318014115706655,0.0046207146380055075,0.6302547366667395,-0.18348562480427838
0.3017217041546092,1.0,0.6293465313493576,7.81829961180614
-0.3870711037487298,0.18192698056777368,0.48011167534444965,-0.8374404987508954
-0.5325372617182331,0.13476508329110848,0.4314660138185098,-0.9675925815305366
-0.23041180400309247,1.0,0.043131865519842716,7.930694286099548
1.0,-0.8524711627527328,0.8883978553571865,-0.7980532336806369
0.11391346039579653,0.8541579580533607,1.0,8.404395235585396
0.8453588087761656,-0.43141593050537774,0.7267684694077068,2.7026325567496916
-0.2274627714655275,0.5894362202300354,0.4510826531748908,-0.40613058256954276
-0.8312633975948038,-0.2532265986511488,1.0,3.531208459075597
-0.6223793225567313,-0.7697024324430402,-0.40344653391523644,2.608327125287963
-0.07559082711686282,-0.4617951170493506,-1.0,-5.374818618207689
-0.20890127778563672,-0.08076512851063233,-0.26137406051662215,0.6956459569663724
-0.63227906532209,-0.5208238587955216,-0.355646693636368,1.121597676561435
-0.37720743827145564,-0.18443320213109304,-0.3576112609707103,0.7956507670844812
-0.4608271757937099,0.03461268357855651,-0.13628984402780175,-0.2810943150761095
-0.9159100403995653,0.4923575424335638,-0.46159653659339983,-0.7270116191136551
0.32617638112745606,-1.0,-0.09301106059461461,1.5524868207207527
0.30166811845442965,-0.3091340168982877,0.25757743647008446,0.8678279729942031
-0.322965812486504,-0.19903276837123984,0.7840411059087711,-0.39534117172972444
0.5554246375753169,0.7394884294306803,-0.08064808381997057,1.8048243336902297
-0.24489564000874164,0.0742069267805312,1.0,1.1014720587465663
0.18454792604628034,0.3542527044284782,-0.4597535543226938,0.3376675724697204
0.1334771262795773,0.43898699586063206,0.35392856641995607,0.3708495546892917
0.19571617650572537,-0.3048353462935711,-0.524876066791599,1.0113279793948184
-0.6512633041156337,-0.49853671936982047,0.29996365795807667,-0.006953121455649969
-0.04992369464655866,-1.0,0.2000781864398784,2.2416689474948077
-0.1801998825688631,1.0,-0.13723933919369746,7.638770778459011
1.0,0.9098619308756541,1.0,26.705666031669967
-0.340323396382215,-0.27011235678160017,-0.8113657481492398,0.11543577242633947
1.0,0.5788377360251618,-0.35057579598443467,6.16913235835173
-1.0,-0.3112326943891188,-0.18671574356928966,-3.6729221141050834
-0.4510977486538903,0.6558266053097797,-1.0,-3.3224839219923292
-0.6936327991597082,1.0,0.5857442544830422,4.277173291685885
0.5628655099470987,-0.6274254094000653,0.257005625004987,1.2489254794895008
-0.448207393351707,0.6317225398038964,-0.3102838818037674,-1.7892678978209031
-1.0,-1.0,0.05759933840682807,7.995518120271208
-0.03714011543108264,0.7728440818091682,-0.6700658339079013,0.5585665283679646
-0.7446546970653831,0.7542883418117485,-1.0,-0.2868108599369452
-0.638923182902444,-0.7510343615833734,0.1733030019654791,2.0385271661691786
0.6668249609410499,-1.0,0.36274807920200436,-0.9713524406045905
-0.7147299101679925,0.07045227041271307,-0.10050232795734959,-0.9560875527424707
-0.31737819523322397,1.0,-0.7939831566900337,6.210143962218791
0.45727281661222374,-1.0,-0.1895208528460175,-0.21517890800635533
-0.004295328940867149,0.9650064999964829,1.0,11.85027938227604
0.521366210806816,-0.46087837506804874,0.2763591313669391,1.1378001054576308
0.17670759499663058,0.436795534749187,-0.5960561695063091,0.4462500684757823
-1.0,-0.129425081680842,-1.0,9.555319369112143
1.0,1.0,-0.42378046000509206,19.209797879795516
1.0,-0.6763395887261365,0.0179137376833558,2.7964111453872267
-1.0,-1.0,-0.5173508497221821,5.014614910629272
-0.7332278772706582,-0.3860727933929995,-1.0,1.788549900726595
1.0,0.3392731952076282,0.01148349729133713,6.141732830745662
-1.0,-1.0,1.0,21.49999412159823
0.07176988490105374,-0.17661199531280225,-1.0,-3.464271592402298
-0.6685891907410384,0.4885577906243199,-1.0,-0.9633159533837073
-0.8981539439187636,-0.3298316584926011,1.0,4.366536285509438
-0.4823639570008704,1.0,0.16387207665530035,5.449288215887611
-0.20974882592435073,0.5570199422990965,-0.7210787309014925,-0.8384451247032955
-0.35881956347102695,-0.8010549499846873,1.0,-0.9614769135938432
-0.17141815685062478,0.8815783179964618,1.0,10.691729748505747
1.0,-0.878820520942035,1.0,-3.431249950575334
-0.005605661802142281,-0.08438211071357227,1.0,0.4144596163423613
0.3174471158781811,0.317407800599103,1.0,1.2662729967968545
1.0,-0.13680286114933615,-0.16662040298777536,4.545686053241626
-0.5944835139503084,0.3277956591774249,0.36971282580319165,-1.3430697058202246
0.43226615575960303,-0.026407299866687328,0.3645819194927127,1.7970539467195326
0.6055958940390698,0.13291620225170253,0.22100721311301452,1.1980876069735706
1.0,-0.4872149661039167,-0.6588623970954204,5.553537263560711
0.19492692202117845,-0.03924470956781989,-1.0,-2.6764436489731165
0.8454038004316873,0.8204757598139705,-1.0,7.614653159629198
0.11751033748390483,-0.3991635417958965,-0.4590946731986565,1.1449849840998263
-0.5856559590279748,0.2370625268164257,1.0,3.085745110794033
-0.2724306712897855,1.0,-0.12053948598408937,7.422234953562027
0.05887180548370785,-0.7747117377305834,-1.0,-10.128425799619578
0.27362407517060205,0.9525956808579301,-0.640707845417279,8.065813290320273
-0.3841717628549868,-0.21693900066283223,-0.2460653287488248,0.7039288853985632
-1.0,-0.5258771024801683,1.0,8.915147920066731
0.8722825988367682,-0.47822316346511173,1.0,0.02064223120607489
0.47557237634667904,-0.2994694977059922,0.28329664983104985,1.614166533479033
-1.0,0.3682148096275537,0.45668913486421325,-5.256315367438668
0.82691337965148,-1.0,-0.7933427166403362,-14.738740799518709
0.663637657456333,1.0,-0.41251419265774514,10.917306628934272
0.07069569237969375,-0.7523578471331605,1.0,-2.5640791552724504
1.0,-1.0,-1.0,-29.570138958924275
0.6385679508647781,0.24057259808789966,0.9688348396166611,2.815176378091982
-0.045069641665336,0.4053100494724131,0.20664352561355814,0.4443970445740494
-0.1758963162258118,-1.0,0.602700132323627,0.34660470034175883
0.15311326252912205,0.6156767410428035,-0.48136900062264654,0.6850759137148723
0.2797808118155489,0.6263135026084625,0.025629066008626245,1.034204911170695
1.0,-1.0,1.0,-8.941503758313237
0.7909701650447141,0.041886429797477476,1.0,4.062845737153133
0.922046497261257,0.4121271687833943,0.1457745586362318,4.364452926382611
-0.2283024753140135,-0.5107180100664606,-0.5063248997429992,0.3149820613469655
1.0,-0.2487870924181952,1.0,7.831914716449972
0.4815791187342995,1.0,0.4232856595906094,6.679018626817059
0.03334593224347837,1.0,-0.5659750996486448,10.363022224623347
0.010831063345257075,-0.08474456900889527,0.38583402452474713,0.28399242472988295
0.5728833128261301,1.0,-0.828943305175748,11.099558504437327
-1.0,1.0,-0.11480611559931297,9.203566938570239
-0.0876285591061412,1.0,-0.06574196339235594,7.979019134558566
0.985453317094493,0.6541018822816407,1.0,23.45392147393648
1.0,0.6515973640679447,-1.0,14.34571831134594
0.4797357427844018,0.9669990293650514,-1.0,4.836121039523269
0.24774145708983442,-0.15834346592278292,-1.0,-2.957049058259484
-0.08401949671626974,0.3608047748084915,0.23382988995125586,-0.8761945319554743
-0.8495403238384256,1.0,-0.014159396015533288,4.3344763171020375
-0.642899106222609,-0.33209254820825773,-1.0,0.9028015039138533
-0.6535721181159155,0.21966147123304114,1.0,2.1937202922941994
-0.6809013107420425,0.4980448934331414,-0.6908284644102973,-1.1065880709189453
-0.02660102075034909,-0.4392027075994964,-0.01573644144552344,0.5655394429891577
-0.3847641442185361,-0.3468831056595909,0.7253088943212929,0.3966238752933078
0.40113640128578787,-0.765990599848952,0.19306860434453332,1.3427781181314542
-0.1887298885518356,0.6840723125745449,0.6490232223303263,1.1530714046383435
-0.26812565149069134,0.698404025761437,1.0,6.148294253363077
0.5101928532660402,-1.0,0.07302469555591506,0.5345237630764307
-0.4304689462199027,0.9266616137032577,-0.7870188728055305,1.6036287453343012
1.0,1.0,-1.0,38.692898392150276
-0.81048385935903,0.87574229356325,-0.2289717334686332,0.4068180527746931
0.5211408873421364,1.0,0.044539173790627995,7.726077008566095
-1.0,-1.0,0.022538092712184987,7.4361164394361845
0.6514974329888008,-1.0,-0.9840382021430334,-23.82908357739017
0.01777189828639103,0.9493683475991137,0.9510040681908127,10.54391911689495
-1.0,-1.0,0.23378189447437414,9.552952579926766
-1.0,-0.2508692368318526,1.0,5.455435034068235
-0.3589882843657002,-0.7442531284944205,1.0,-1.4548269348268037
0.6065778408921498,-1.0,1.0,-7.18795460883511
0.19066541052202424,0.48440671009442626,-1.0,-3.3684968328013736
0.5010977403195953,-0.8355683102504481,0.37682725108168813,1.4528561233825203
-0.4525387444369129,1.0,1.0,15.98141146218457
0.21921448463359505,-1.0,-0.2741431315963825,1.2499593320075915
0.0680826667159864,-0.8391944127062319,-0.21810530887527624,1.8792611666254488
-0.35572789297380303,-0.9385982724235455,-1.0,-11.662744434727257
0.5565966488338243,-0.618364788881894,0.570783002085332,0.11058695777886096
-0.29785416594732683,-0.280505961627457,-0.42272470602656576,1.5104512460548543
0.7794634381003072,0.12428182847775204,-0.34791400920625604,1.8309406294547164
-0.011966426367625571,-0.006058690788358412,-0.362725850279527,1.2626039929480535
1.0,-0.15344878071684764,-1.0,6.576324310840684
-0.42000878643042694,1.0,-0.03465032576431182,6.110073043770206
-1.0,0.8296976644753356,-0.12624094383423579,2.7202110598013856
-0.9936284568978042,1.0,0.15727286061747647,5.086420982215669
0.18455639037254445,1.0,-0.5212092151562289,10.405462230003039
0.7714494007263313,-0.12351049829829908,-0.19003899970245297,2.2821549197226028
-0.6500527229469923,1.0,-1.0,0.2787517299216409
-1.0,0.037558445765439874,0.19498346626648577,-3.922801013306673
-0.05240356099415,-0.013397622431095435,0.3009474196412969,0.05191408233291661
-0.626109169057625,0.04242751445145854,-0.7220303117974061,0.3992352312634264
0.4583689106394444,-0.018051669793848202,1.0,-1.027312968100213
0.9989953286229305,-0.9274994562207501,0.5860219004894016,-2.671098342375961
-1.0,-0.9931284056858174,0.019214925326200616,7.9311174872420045
-0.3201417880993791,0.2480574983536319,-0.12015286388799251,-0.17534961508976993
-0.2564484561188929,0.2108251094948066,0.7398137787514156,0.6386275709747012
